StudentID,FirstName,FamilyName,sex,age,address,famsize,Pstatus,Medu,Fedu,Mjob,Fjob,reason,guardian,traveltime,studytime,failures,schoolsup,famsup,paid,activities,nursery,higher,internet,romantic,famrel,freetime,goout,Dalc,Walc,health,absences,FinalGrade
0,Rafael,Morais,F,18,U,GT3,A,4,4,at_home,teacher,course,mother,2,2,0,yes,no,no,no,yes,yes,no,no,4,3,4,1,1,3,6,6
1,Lara,Braga,F,17,U,GT3,T,1,1,at_home,other,course,father,1,2,0,no,yes,no,no,no,yes,yes,no,5,3,3,1,1,3,4,6
2,Gonçalo,Azevedo,F,15,U,LE3,T,1,1,at_home,other,other,mother,1,2,3,yes,no,yes,no,yes,yes,yes,no,4,3,2,2,3,3,10,10
3,Lara,Perna,F,15,U,GT3,T,4,2,health,services,home,mother,1,3,0,no,yes,yes,yes,yes,yes,yes,yes,3,2,2,1,1,5,2,15
4,João,Pires,F,16,U,GT3,T,3,3,other,other,home,father,1,2,0,no,yes,yes,no,yes,yes,no,no,4,3,2,1,2,5,4,10
5,Rafael,Alva,M,16,U,LE3,T,4,3,services,other,reputation,mother,1,2,0,no,yes,yes,yes,yes,yes,yes,no,5,4,2,1,2,5,10,15
6,Afonso,Da Luz,M,16,U,LE3,T,2,2,other,other,home,mother,1,2,0,no,no,no,no,yes,yes,yes,no,4,4,4,1,1,3,0,11
7,Guilherme,Saraiva,F,17,U,GT3,A,4,4,other,teacher,home,mother,2,2,0,yes,yes,no,no,yes,yes,no,no,4,1,4,1,1,1,6,6
8,Lucas,Neves,M,15,U,LE3,A,3,2,services,other,home,mother,1,2,0,no,yes,yes,no,yes,yes,yes,no,4,2,2,1,1,1,0,19
9,Sofia,Rocha,M,15,U,GT3,T,3,4,other,other,home,mother,1,2,0,no,yes,yes,yes,yes,yes,yes,no,5,5,1,1,1,5,0,15
10,Rafael,Sanches,F,15,U,GT3,T,4,4,teacher,health,reputation,mother,1,2,0,no,yes,yes,no,yes,yes,yes,no,3,3,3,1,2,2,0,9
11,Tiago,Pais,F,15,U,GT3,T,2,1,services,other,reputation,father,3,3,0,no,yes,no,yes,yes,yes,yes,no,5,2,2,1,1,4,4,12
12,Ana,Camara,M,15,U,LE3,T,4,4,health,services,course,father,1,1,0,no,yes,yes,yes,yes,yes,yes,no,4,3,3,1,3,5,2,14
13,Salvador,Coelho,M,15,U,GT3,T,4,3,teacher,other,course,mother,2,2,0,no,yes,yes,no,yes,yes,yes,no,5,4,3,1,2,3,2,11
14,Sofia,Candido,M,15,U,GT3,A,2,2,other,other,home,other,1,3,0,no,yes,no,no,yes,yes,yes,yes,4,5,2,1,1,3,0,16
15,João,Raposo,F,16,U,GT3,T,4,4,health,other,home,mother,1,1,0,no,yes,no,no,yes,yes,yes,no,4,4,4,1,2,2,4,14
16,Gustavo,Janota,F,16,U,GT3,T,4,4,services,services,reputation,mother,1,3,0,no,yes,yes,yes,yes,yes,yes,no,3,2,3,1,2,2,6,14
17,Lucas,Formoso,F,16,U,GT3,T,3,3,other,other,reputation,mother,3,2,0,yes,yes,no,yes,yes,yes,no,no,5,3,2,1,1,4,4,10
18,Guilherme,Ruelas,M,17,U,GT3,T,3,2,services,services,course,mother,1,1,3,no,yes,no,yes,yes,yes,yes,no,5,5,5,2,4,5,16,5
19,Ana,Marroquin,M,16,U,LE3,T,4,3,health,other,home,father,1,1,0,no,no,yes,yes,yes,yes,yes,no,3,1,3,1,3,5,4,10
20,Lourenço,Gale,M,15,U,GT3,T,4,3,teacher,other,reputation,mother,1,2,0,no,no,no,no,yes,yes,yes,no,4,4,1,1,1,1,0,15
21,Duarte,Chao,M,15,U,GT3,T,4,4,health,health,other,father,1,1,0,no,yes,yes,no,yes,yes,yes,no,5,4,2,1,1,5,0,15
22,Madalena,Lacerda,M,16,U,LE3,T,4,2,teacher,other,course,mother,1,2,0,no,no,no,yes,yes,yes,yes,no,4,5,1,1,3,5,2,16
23,Rafael,Rodriques,M,16,U,LE3,T,2,2,other,other,reputation,mother,2,2,0,no,yes,no,yes,yes,yes,yes,no,5,4,4,2,4,5,0,12
24,Diana,Carris,F,15,R,GT3,T,2,4,services,health,course,mother,1,3,0,yes,yes,yes,yes,yes,yes,yes,no,4,3,2,1,1,5,2,8
25,Francisco,Eanes,F,16,U,GT3,T,2,2,services,services,home,mother,1,1,2,no,yes,yes,no,no,yes,yes,no,1,2,2,1,3,5,14,8
26,Clara,Mau,M,15,U,GT3,T,2,2,other,other,home,mother,1,1,0,no,yes,yes,no,yes,yes,yes,no,4,2,2,1,2,5,2,11
27,Mariana,Baros,M,15,U,GT3,T,4,2,health,services,other,mother,1,1,0,no,no,yes,no,yes,yes,yes,no,2,2,4,2,4,1,4,15
28,Martim,Hilario,M,16,U,LE3,A,3,4,services,other,home,mother,1,2,0,yes,yes,no,yes,yes,yes,yes,no,5,3,3,1,1,5,4,11
29,Santiago,Barreto,M,16,U,GT3,T,4,4,teacher,teacher,home,mother,1,2,0,no,yes,yes,yes,yes,yes,yes,yes,4,4,5,5,5,5,16,11
30,Mariana,Botelho,M,15,U,GT3,T,4,4,health,services,home,mother,1,2,0,no,yes,yes,no,no,yes,yes,no,5,4,2,3,4,5,0,12
31,Dinis,Formosa,M,15,U,GT3,T,4,4,services,services,reputation,mother,2,2,0,no,yes,no,yes,yes,yes,yes,no,4,3,1,1,1,5,0,17
32,Beatriz,Figueira,M,15,R,GT3,T,4,3,teacher,at_home,course,mother,1,2,0,no,yes,no,yes,yes,yes,yes,yes,4,5,2,1,1,5,0,16
33,Rafael,Guardado,M,15,U,LE3,T,3,3,other,other,course,mother,1,2,0,no,no,no,yes,no,yes,yes,no,5,3,2,1,1,2,0,12
34,Francisca,Marte,M,16,U,GT3,T,3,2,other,other,home,mother,1,1,0,no,yes,yes,no,no,yes,yes,no,5,4,3,1,1,5,0,15
35,Tomás,Alvares,F,15,U,GT3,T,2,3,other,other,other,father,2,1,0,no,yes,no,yes,yes,yes,no,no,3,5,1,1,1,5,0,6
36,Maria,Alto,M,15,U,LE3,T,4,3,teacher,services,home,mother,1,3,0,no,yes,no,yes,yes,yes,yes,no,5,4,3,1,1,4,2,18
37,Santiago,Caetano,M,16,R,GT3,A,4,4,other,teacher,reputation,mother,2,3,0,no,yes,no,yes,yes,yes,yes,yes,2,4,3,1,1,5,7,15
38,Salvador,De Melo,F,15,R,GT3,T,3,4,services,health,course,mother,1,3,0,yes,yes,yes,yes,yes,yes,yes,no,4,3,2,1,1,5,2,11
39,Martim,De Julio,F,15,R,GT3,T,2,2,at_home,other,reputation,mother,1,1,0,yes,yes,yes,yes,yes,yes,no,no,4,3,1,1,1,2,8,13
40,Benedita,Nobriga,F,16,U,LE3,T,2,2,other,other,home,mother,2,2,1,no,yes,no,yes,no,yes,yes,yes,3,3,3,1,2,3,25,11
41,Santiago,Lois,M,15,U,LE3,T,4,4,teacher,other,home,other,1,1,0,no,yes,no,no,no,yes,yes,yes,5,4,3,2,4,5,8,12
42,Miguel,Almada,M,15,U,GT3,T,4,4,services,teacher,course,father,1,2,0,no,yes,no,yes,yes,yes,yes,no,4,3,3,1,1,5,2,18
43,Rafael,Martines,M,15,U,GT3,T,2,2,services,services,course,father,1,1,0,yes,yes,no,no,yes,yes,yes,no,5,4,1,1,1,1,0,11
44,Gabriel,Cotta,F,16,U,LE3,T,2,2,other,at_home,course,father,2,2,1,yes,no,no,yes,yes,yes,yes,no,4,3,3,2,2,5,14,9
45,Duarte,Penso,F,15,U,LE3,A,4,3,other,other,course,mother,1,2,0,yes,yes,yes,yes,yes,yes,yes,yes,5,2,2,1,1,5,8,6
46,Ana,De Moura,F,16,U,LE3,A,3,3,other,services,home,mother,1,2,0,no,yes,no,no,yes,yes,yes,no,2,3,5,1,4,3,12,11
47,Tomás,Fosco,M,16,U,GT3,T,4,3,health,services,reputation,mother,1,4,0,no,no,no,yes,yes,yes,yes,no,4,2,2,1,1,2,4,20
48,Inês,De Freitas,M,15,U,GT3,T,4,2,teacher,other,home,mother,1,2,0,no,yes,yes,no,yes,yes,no,no,4,3,3,2,2,5,2,14
49,Clara,Lias,F,15,U,GT3,T,4,4,services,teacher,other,father,1,2,1,yes,yes,no,yes,no,yes,yes,no,4,4,4,1,1,3,2,7
50,Camila,Cunha,F,16,U,LE3,T,2,2,services,services,course,mother,3,2,0,no,yes,yes,no,yes,yes,yes,no,4,3,3,2,3,4,2,13
51,Joana,Araujo,F,15,U,LE3,T,4,2,health,other,other,mother,1,2,0,no,yes,yes,no,yes,yes,yes,no,4,3,3,1,1,5,2,13
52,Francisco,De Mello,M,15,U,LE3,A,4,2,health,health,other,father,2,1,1,no,no,no,no,yes,yes,no,no,5,5,5,3,4,5,6,10
53,Dinis,Simoes,F,15,U,GT3,T,4,4,services,services,course,mother,1,1,0,yes,yes,yes,no,yes,yes,yes,no,3,3,4,2,3,5,0,11
54,Santiago,Goncalves,F,15,U,LE3,A,3,3,other,other,other,mother,1,1,0,no,no,yes,no,yes,yes,yes,no,5,3,4,4,4,1,6,13
55,Lara,Basto,F,16,U,GT3,A,2,1,other,other,other,mother,1,2,0,no,no,yes,yes,yes,yes,yes,yes,5,3,4,1,1,2,8,10
56,Salvador,Peixoto,F,15,U,GT3,A,4,3,services,services,reputation,mother,1,2,0,no,yes,yes,yes,yes,yes,yes,no,4,3,2,1,1,1,0,15
57,Salvador,Da Cunha,M,15,U,GT3,T,4,4,teacher,health,reputation,mother,1,2,0,no,yes,no,yes,yes,yes,no,no,3,2,2,1,1,5,4,15
58,Rafael,Gandara,M,15,U,LE3,T,1,2,other,at_home,home,father,1,2,0,yes,yes,no,yes,yes,yes,yes,no,4,3,2,1,1,5,2,9
59,Rafael,Maestre,F,16,U,GT3,T,4,2,services,other,course,mother,1,2,0,no,yes,no,no,yes,yes,yes,no,4,2,3,1,1,5,2,16
60,Sofia,Louro,F,16,R,GT3,T,4,4,health,teacher,other,mother,1,2,0,no,yes,no,yes,yes,yes,no,no,2,4,4,2,3,4,6,11
61,Carolina,Quadros,F,16,U,GT3,T,1,1,services,services,course,father,4,1,0,yes,yes,no,yes,no,yes,yes,yes,5,5,5,5,5,5,6,11
62,João,Seda,F,16,U,LE3,T,1,2,other,services,reputation,father,1,2,0,yes,no,no,yes,yes,yes,yes,no,4,4,3,1,1,1,4,9
63,Lourenço,De Armas,F,16,U,GT3,T,4,3,teacher,health,home,mother,1,3,0,yes,yes,yes,yes,yes,yes,yes,no,3,4,4,2,4,4,2,9
64,Madalena,Cavaco,F,15,U,LE3,T,4,3,services,services,reputation,father,1,2,0,yes,no,no,yes,yes,yes,yes,yes,4,4,4,2,4,2,0,10
65,Guilherme,Serpa,F,16,U,LE3,T,4,3,teacher,services,course,mother,3,2,0,no,yes,no,yes,yes,yes,yes,no,5,4,3,1,2,1,2,15
66,Lara,Madeiros,M,15,U,GT3,A,4,4,other,services,reputation,mother,1,4,0,no,yes,no,yes,no,yes,yes,yes,1,3,3,5,5,3,4,12
67,Alice,Reposa,F,16,U,GT3,T,3,1,services,other,course,mother,1,4,0,yes,yes,yes,no,yes,yes,yes,no,4,3,3,1,2,5,4,6
68,Mariana,Primo,F,15,R,LE3,T,2,2,health,services,reputation,mother,2,2,0,yes,yes,yes,no,yes,yes,yes,no,4,1,3,1,3,4,2,8
69,Leonor,Armao,F,15,R,LE3,T,3,1,other,other,reputation,father,2,4,0,no,yes,no,no,no,yes,yes,no,4,4,2,2,3,3,12,16
70,Lucas,Sola,M,16,U,GT3,T,3,1,other,other,reputation,father,2,4,0,no,yes,yes,no,yes,yes,yes,no,4,3,2,1,1,5,0,15
71,Santiago,Danca,M,15,U,GT3,T,4,2,other,other,course,mother,1,4,0,no,no,no,no,yes,yes,yes,no,3,3,3,1,1,3,0,10
72,Francisca,Diniz,F,15,R,GT3,T,1,1,other,other,reputation,mother,1,2,2,yes,yes,no,no,no,yes,yes,yes,3,3,4,2,4,5,2,5
73,Inês,Martinho,M,16,U,GT3,T,3,1,other,other,reputation,mother,1,1,0,no,no,no,yes,yes,yes,no,no,5,3,2,2,2,5,2,14
74,Guilherme,Freire,F,16,U,GT3,T,3,3,other,services,home,mother,1,2,0,yes,yes,yes,yes,yes,yes,yes,no,4,3,3,2,4,5,54,11
75,Dinis,De Sousa,M,15,U,GT3,T,4,3,teacher,other,home,mother,1,2,0,no,yes,yes,yes,yes,yes,yes,no,4,3,3,2,3,5,6,10
76,Sofia,Pimental,M,15,U,GT3,T,4,0,teacher,other,course,mother,2,4,0,no,no,no,yes,yes,yes,yes,no,3,4,3,1,1,1,8,10
77,Guilherme,Moura,F,16,U,GT3,T,2,2,other,other,reputation,mother,1,4,0,no,no,yes,no,yes,yes,yes,yes,5,2,3,1,3,3,0,11
78,Beatriz,Paulos,M,17,U,GT3,T,2,1,other,other,home,mother,2,1,3,yes,yes,no,yes,yes,no,yes,no,4,5,1,1,1,3,2,10
79,Gabriel,De Barros,F,16,U,GT3,T,3,4,at_home,other,course,mother,1,2,0,no,yes,no,no,yes,yes,yes,no,2,4,3,1,2,3,12,5
80,Matilde,Ines,M,15,U,GT3,T,2,3,other,services,course,father,1,1,0,yes,yes,yes,yes,no,yes,yes,yes,3,2,2,1,3,3,2,12
81,Lara,Sardinha,M,15,U,GT3,T,2,3,other,other,home,mother,1,3,0,yes,no,yes,no,no,yes,yes,no,5,3,2,1,2,5,4,11
82,Francisco,Domingos,F,15,U,LE3,T,3,2,services,other,reputation,mother,1,2,0,no,yes,yes,no,yes,yes,yes,no,4,4,4,1,1,5,10,6
83,Clara,Fidalgo,M,15,U,LE3,T,2,2,services,services,home,mother,2,2,0,no,no,yes,yes,yes,yes,yes,no,5,3,3,1,3,4,4,15
84,Guilherme,Corado,F,15,U,GT3,T,1,1,other,other,home,father,1,2,0,no,yes,no,yes,no,yes,yes,no,4,3,2,2,3,4,2,10
85,Diana,Da Rosa,F,15,U,GT3,T,4,4,services,services,reputation,father,2,2,2,no,no,yes,no,yes,yes,yes,yes,4,4,4,2,3,5,6,8
86,Afonso,Cacho,F,16,U,LE3,T,2,2,at_home,other,course,mother,1,2,0,no,yes,no,no,yes,yes,no,no,4,3,4,1,2,2,4,6
87,Gabriel,Solorio,F,15,U,GT3,T,4,2,other,other,reputation,mother,1,3,0,no,yes,no,yes,yes,yes,yes,no,5,3,3,1,3,1,4,14
88,Lucas,De Pina,M,16,U,GT3,T,2,2,services,other,reputation,father,2,2,1,no,no,yes,yes,no,yes,yes,no,4,4,2,1,1,3,12,10
89,Miguel,Chico,M,16,U,LE3,A,4,4,teacher,health,reputation,mother,1,2,0,no,yes,no,no,yes,yes,no,no,4,1,3,3,5,5,18,7
90,Afonso,Junior,F,16,U,GT3,T,3,3,other,other,home,mother,1,3,0,no,yes,yes,no,yes,yes,yes,yes,4,3,3,1,3,4,0,8
91,Maria,Marques,F,15,U,GT3,T,4,3,services,other,reputation,mother,1,1,0,no,no,yes,yes,yes,yes,yes,no,4,5,5,1,3,1,4,18
92,Francisca,Magalhaes,F,16,U,LE3,T,3,1,other,other,home,father,1,2,0,yes,yes,no,no,yes,yes,no,no,3,3,3,2,3,2,4,6
93,Camila,De Sa,F,16,U,GT3,T,4,2,teacher,services,home,mother,2,2,0,no,yes,yes,yes,yes,yes,yes,no,5,3,3,1,1,1,0,10
94,Martim,Neve,M,15,U,LE3,T,2,2,services,health,reputation,mother,1,4,0,no,yes,no,yes,yes,yes,yes,no,4,3,4,1,1,4,6,14
95,Lara,Souza,F,15,R,GT3,T,1,1,at_home,other,home,mother,2,4,1,yes,yes,yes,yes,yes,yes,yes,no,3,1,2,1,1,1,2,10
96,João,Amorim,M,16,R,GT3,T,4,3,services,other,reputation,mother,2,1,0,yes,yes,no,yes,no,yes,yes,no,3,3,3,1,1,4,2,15
97,Sofia,Mateus,F,16,U,GT3,T,2,1,other,other,course,mother,1,2,0,no,yes,yes,no,yes,yes,no,yes,4,3,5,1,1,5,2,10
98,Inês,Simas,F,16,U,GT3,T,4,4,other,other,reputation,mother,1,1,0,no,no,no,yes,no,yes,yes,no,5,3,4,1,2,1,6,14
99,Diana,Damaso,F,16,U,GT3,T,4,3,other,at_home,course,mother,1,3,0,yes,yes,yes,no,yes,yes,yes,no,5,3,5,1,1,3,0,8
100,Lucas,Marcelino,M,16,U,GT3,T,4,4,services,services,other,mother,1,1,0,yes,yes,yes,yes,yes,yes,yes,no,4,5,5,5,5,4,14,5
101,Leonor,Vara,M,16,U,GT3,T,4,4,services,teacher,other,father,1,3,0,no,yes,no,yes,yes,yes,yes,yes,4,4,3,1,1,4,0,17
102,Madalena,Spinola,M,15,U,GT3,T,4,4,services,other,course,mother,1,1,0,no,yes,no,yes,no,yes,yes,no,5,3,3,1,1,5,4,14
103,Madalena,Matos,F,15,U,GT3,T,3,2,services,other,home,mother,2,2,0,yes,yes,yes,no,yes,yes,yes,no,4,3,5,1,1,2,26,6
104,Mariana,Soares,M,15,U,GT3,A,3,4,services,other,course,mother,1,2,0,no,yes,yes,yes,yes,yes,yes,no,5,4,4,1,1,1,0,18
105,Beatriz,Vala,F,15,U,GT3,A,3,3,other,health,reputation,father,1,4,0,yes,no,no,no,yes,yes,no,no,4,3,3,1,1,4,10,11
106,Madalena,Meneses,F,15,U,GT3,T,2,2,other,other,course,mother,1,4,0,yes,yes,yes,no,yes,yes,yes,no,5,1,2,1,1,3,8,8
107,Lucas,Saade,M,16,U,GT3,T,3,3,services,other,home,father,1,3,0,no,yes,no,yes,yes,yes,yes,no,5,3,3,1,1,5,2,18
108,Gonçalo,Fogo,M,15,R,GT3,T,4,4,other,other,home,father,4,4,0,no,yes,yes,yes,yes,yes,yes,yes,1,3,5,3,5,1,6,13
109,Joana,Raposa,F,16,U,LE3,T,4,4,health,health,other,mother,1,3,0,no,yes,yes,yes,yes,yes,yes,yes,5,4,5,1,1,4,4,16
110,Leonor,Arvelo,M,15,U,LE3,A,4,4,teacher,teacher,course,mother,1,1,0,no,no,no,yes,yes,yes,yes,no,5,5,3,1,1,4,6,19
111,Alice,Lucio,F,16,R,GT3,T,3,3,services,other,reputation,father,1,3,1,yes,yes,no,yes,yes,yes,yes,no,4,1,2,1,1,2,0,10
112,Madalena,Couto,F,16,U,GT3,T,2,2,at_home,other,home,mother,1,2,1,yes,no,no,yes,yes,yes,yes,no,3,1,2,1,1,5,6,13
113,Afonso,Natal,M,15,U,LE3,T,4,2,teacher,other,course,mother,1,1,0,no,no,no,no,yes,yes,yes,no,3,5,2,1,1,3,10,19
114,Francisco,Montalto,M,15,R,GT3,T,2,1,health,services,reputation,mother,1,2,0,no,no,no,yes,yes,yes,yes,yes,5,4,2,1,1,5,8,9
115,Pedro,Monserrate,M,16,U,GT3,T,4,4,teacher,teacher,course,father,1,2,0,no,yes,no,yes,yes,yes,yes,no,5,4,4,1,2,5,2,16
116,Beatriz,Lapa,M,15,U,GT3,T,4,4,other,teacher,reputation,father,2,2,0,no,yes,no,yes,yes,yes,no,no,4,4,3,1,1,2,2,14
117,Clara,Nazario,M,16,U,GT3,T,3,3,other,services,home,father,2,1,0,no,no,no,yes,yes,yes,yes,no,5,4,2,1,1,5,0,13
118,Clara,Frausto,M,17,R,GT3,T,1,3,other,other,course,father,3,2,1,no,yes,no,yes,yes,yes,yes,no,5,2,4,1,4,5,20,8
119,Guilherme,Pereyra,M,15,U,GT3,T,3,4,other,other,reputation,father,1,1,0,no,no,no,no,yes,yes,yes,no,3,4,3,1,2,4,6,13
120,Martim,Portela,F,15,U,GT3,T,1,2,at_home,services,course,mother,1,2,0,no,no,no,no,no,yes,yes,no,3,2,3,1,2,1,2,15
121,Duarte,Resendes,M,15,U,GT3,T,2,2,services,services,home,father,1,4,0,no,yes,yes,yes,yes,yes,yes,no,5,5,4,1,2,5,6,15
122,Duarte,Chavis,F,16,U,LE3,T,2,4,other,health,course,father,2,2,0,no,yes,yes,yes,yes,yes,yes,yes,4,2,2,1,2,5,2,13
123,Rafael,Sago,M,16,U,GT3,T,4,4,health,other,course,mother,1,1,0,no,yes,no,yes,yes,yes,yes,no,3,4,4,1,4,5,18,13
124,Gonçalo,Duarte,F,16,U,GT3,T,2,2,other,other,home,mother,1,2,0,no,no,yes,no,yes,yes,yes,yes,5,4,4,1,1,5,0,8
125,Maria,Montalvo,M,15,U,GT3,T,3,4,services,services,home,father,1,1,0,yes,no,no,no,yes,yes,yes,no,5,5,5,3,2,5,0,12
126,Camila,Vas,F,15,U,LE3,A,3,4,other,other,home,mother,1,2,0,yes,no,no,yes,yes,yes,yes,yes,5,3,2,1,1,1,0,11
127,João,Sales,F,19,U,GT3,T,0,1,at_home,other,course,other,1,2,3,no,yes,no,no,no,no,no,no,3,4,2,1,1,5,2,9
129,Clara,Paes,M,16,R,GT3,T,4,4,teacher,teacher,course,mother,1,1,0,no,no,yes,yes,yes,yes,yes,no,3,5,5,2,5,4,8,18
132,Miguel,Orta,F,17,U,LE3,T,2,2,other,other,course,father,1,1,0,no,yes,no,no,yes,yes,yes,yes,3,4,4,1,3,5,12,12
133,Alice,Reza,F,16,U,GT3,A,3,4,services,other,course,father,1,1,0,no,no,no,no,yes,yes,yes,no,3,2,1,1,4,5,16,11
138,Afonso,Alvarenga,M,16,U,LE3,T,1,1,services,other,course,mother,1,2,1,no,no,no,no,yes,yes,no,yes,4,4,4,1,3,5,0,12
139,Miguel,Pinheiro,F,15,U,GT3,T,4,4,teacher,teacher,course,mother,2,1,0,no,no,no,yes,yes,yes,yes,no,4,3,2,1,1,5,0,15
141,Guilherme,Ferra,M,16,U,LE3,T,2,2,services,services,reputation,father,2,1,2,no,yes,no,yes,yes,yes,yes,no,2,3,3,2,2,2,8,9
142,Benedita,Faria,F,15,U,GT3,T,4,4,teacher,services,course,mother,1,3,0,no,yes,yes,yes,yes,yes,yes,no,4,2,2,1,1,5,2,11
143,Sofia,Serrao,F,16,U,LE3,T,1,1,at_home,at_home,course,mother,1,1,0,no,no,no,no,yes,yes,yes,no,3,4,4,3,3,1,2,13
145,Tomás,Nicolau,F,15,U,GT3,T,1,1,other,services,course,father,1,2,0,no,yes,yes,no,yes,yes,yes,no,4,4,2,1,2,5,0,11
147,Salvador,Marcelo,F,15,U,GT3,T,1,2,at_home,other,course,mother,1,2,0,no,yes,yes,no,no,yes,yes,no,4,3,2,1,1,5,2,11
149,Lara,Cardoso,M,15,U,LE3,A,2,1,services,other,course,mother,4,1,3,no,no,no,no,yes,yes,yes,no,4,5,5,2,5,5,0,10
151,Martim,Vasconcelos,M,16,U,LE3,T,2,1,at_home,other,course,mother,1,1,1,no,no,no,yes,yes,yes,no,yes,4,4,4,3,5,5,6,14
152,Maria,Fortes,F,15,R,GT3,T,3,3,services,services,reputation,other,2,3,2,no,yes,yes,yes,yes,yes,yes,yes,4,2,1,2,3,3,8,10
154,Joana,Espinola,F,17,U,GT3,T,4,4,other,teacher,course,mother,1,1,0,yes,yes,no,no,yes,yes,no,yes,4,2,1,1,1,4,0,12
155,Salvador,Cuba,M,15,R,GT3,T,2,3,at_home,services,course,mother,1,2,0,yes,no,yes,yes,yes,yes,no,no,4,4,4,1,1,1,2,8
156,Maria,Socia,M,17,R,LE3,T,1,2,other,other,reputation,mother,1,1,0,no,no,no,no,yes,yes,no,no,2,2,2,3,3,5,8,13
157,Gonçalo,Mattos,F,18,R,GT3,T,1,1,at_home,other,course,mother,3,1,3,no,yes,no,yes,no,yes,no,no,5,2,5,1,5,4,6,10
158,Rafael,Peres,M,16,R,GT3,T,2,2,at_home,other,course,mother,3,1,0,no,no,no,no,no,yes,no,no,4,2,2,1,2,3,2,15
159,Lucas,Prata,M,16,U,GT3,T,3,3,other,services,course,father,1,2,1,no,yes,yes,no,yes,yes,yes,yes,4,5,5,4,4,5,4,12
161,Pedro,Fonte,M,15,R,GT3,T,3,2,other,other,course,mother,2,2,2,yes,yes,no,no,yes,yes,yes,yes,4,4,4,1,4,3,6,7
163,Gonçalo,Moreira,M,17,U,GT3,T,1,3,at_home,services,course,father,1,1,0,no,no,no,no,yes,no,yes,no,5,3,3,1,4,2,2,10
164,Rodrigo,Miguez,M,17,R,LE3,T,1,1,other,services,course,mother,4,2,3,no,no,no,yes,yes,no,no,yes,5,3,5,1,5,5,0,7
165,Madalena,Matheus,M,16,U,GT3,T,3,2,services,services,course,mother,2,1,1,no,yes,no,yes,no,no,no,no,4,5,2,1,1,2,16,12
166,Duarte,Monge,M,16,U,GT3,T,2,2,other,other,course,father,1,2,0,no,no,no,no,yes,no,yes,no,4,3,5,2,4,4,4,10
167,Francisca,Constancio,F,16,U,GT3,T,4,2,health,services,home,father,1,2,0,no,no,yes,no,yes,yes,yes,yes,4,2,3,1,1,3,0,16
169,Rodrigo,Rapozo,F,16,U,GT3,T,4,4,health,health,reputation,mother,1,2,0,no,yes,yes,no,yes,yes,yes,yes,4,4,2,1,1,3,0,14
171,Gustavo,Agre,M,16,U,GT3,T,1,0,other,other,reputation,mother,2,2,0,no,yes,yes,yes,yes,yes,yes,yes,4,3,2,1,1,3,2,16
172,Tiago,Pinto,M,17,U,LE3,T,4,4,teacher,other,reputation,mother,1,2,0,no,yes,yes,yes,yes,yes,yes,no,4,4,4,1,3,5,0,10
174,Joana,Mendes,F,16,U,LE3,T,3,3,other,other,reputation,mother,2,2,0,no,yes,yes,yes,yes,yes,yes,no,4,4,5,1,1,4,4,9
175,Lucas,Peru,M,17,U,LE3,T,4,3,teacher,other,course,mother,2,2,0,no,no,yes,yes,yes,yes,yes,no,4,4,4,4,4,4,4,9
176,Leonor,Palma,F,16,U,GT3,T,2,2,services,other,reputation,mother,2,2,0,no,no,yes,yes,no,yes,yes,no,3,4,4,1,4,5,2,11
177,Rafael,Paiva,M,17,U,GT3,T,3,3,other,other,reputation,father,1,2,0,no,no,no,yes,no,yes,yes,no,4,3,4,1,4,4,4,6
178,Sofia,Porto,M,16,R,GT3,T,4,2,teacher,services,other,mother,1,1,0,no,yes,no,yes,yes,yes,yes,yes,4,3,3,3,4,3,10,9
179,Diana,Maia,M,17,U,GT3,T,4,3,other,other,course,mother,1,2,0,no,yes,no,yes,yes,yes,yes,yes,5,2,3,1,1,2,4,11
180,Pedro,Tavares,M,16,U,GT3,T,4,3,teacher,other,home,mother,1,2,0,no,yes,yes,yes,yes,yes,yes,no,3,4,3,2,3,3,10,8
181,Afonso,Pimenta,M,16,U,GT3,T,3,3,services,other,home,mother,1,2,0,no,no,yes,yes,yes,yes,yes,yes,4,2,3,1,2,3,2,12
182,Joana,Braz,F,17,U,GT3,T,2,4,services,services,reputation,father,1,2,0,no,yes,no,yes,yes,yes,no,no,5,4,2,2,3,5,0,17
183,Alice,Pesqueira,F,17,U,LE3,T,3,3,other,other,reputation,mother,1,2,0,no,yes,no,yes,yes,yes,yes,yes,5,3,3,2,3,1,56,8
184,Camila,Lopes,F,16,U,GT3,T,3,2,other,other,reputation,mother,1,2,0,no,yes,yes,no,yes,yes,yes,no,1,2,2,1,2,1,14,12
185,Gustavo,Fontes,M,17,U,GT3,T,3,3,services,services,other,mother,1,2,0,no,yes,no,yes,yes,yes,yes,yes,4,3,4,2,3,4,12,11
186,Alice,Evora,M,16,U,GT3,T,1,2,services,services,other,mother,1,1,0,no,yes,yes,yes,yes,yes,yes,yes,3,3,3,1,2,3,2,11
187,Ana,Castelo,M,16,U,LE3,T,2,1,other,other,course,mother,1,2,0,no,no,yes,yes,yes,yes,yes,yes,4,2,3,1,2,5,0,15
188,Alice,Galioto,F,17,U,GT3,A,3,3,health,other,reputation,mother,1,2,0,no,yes,no,no,no,yes,yes,yes,3,3,3,1,3,3,6,9
189,Gabriel,Figueiredo,M,17,R,GT3,T,1,2,at_home,other,home,mother,1,2,0,no,no,no,no,yes,yes,no,no,3,1,3,1,5,3,4,10
190,Clara,Rodarte,F,16,U,GT3,T,2,3,services,services,course,mother,1,2,0,no,no,no,no,yes,yes,yes,no,4,3,3,1,1,2,10,13
191,Maria,Limas,F,17,U,GT3,T,1,1,at_home,services,course,mother,1,2,0,no,no,no,yes,yes,yes,yes,no,5,3,3,1,1,3,0,9
192,Lourenço,Simao,M,17,U,GT3,T,1,2,at_home,services,other,other,2,2,0,no,no,yes,yes,no,yes,yes,no,4,4,4,4,5,5,12,8
193,Santiago,Dias,M,16,R,GT3,T,3,3,services,services,reputation,mother,1,1,0,no,yes,no,yes,yes,yes,yes,no,4,3,2,3,4,5,8,10
194,Alice,Madeira,M,16,U,GT3,T,2,3,other,other,home,father,2,1,0,no,no,no,no,yes,yes,yes,no,5,3,3,1,1,3,0,14
195,Gustavo,Da Cruz,F,17,U,LE3,T,2,4,services,services,course,father,1,2,0,no,no,no,yes,yes,yes,yes,yes,4,3,2,1,1,5,0,15
196,Lara,Mirante,M,17,U,GT3,T,4,4,services,teacher,home,mother,1,1,0,no,no,no,no,yes,yes,yes,no,5,2,3,1,2,5,4,16
197,Lucas,De Lacerda,M,16,R,LE3,T,3,3,teacher,other,home,father,3,1,0,no,yes,yes,yes,yes,yes,yes,no,3,3,4,3,5,3,8,10
198,Lucas,Brasil,F,17,U,GT3,T,4,4,services,teacher,home,mother,2,1,1,no,yes,no,no,yes,yes,yes,no,4,2,4,2,3,2,24,18
199,Leonor,De Cotis,F,16,U,LE3,T,4,4,teacher,teacher,reputation,mother,1,2,0,no,yes,yes,no,yes,yes,yes,no,4,5,2,1,2,3,0,10
200,Lucas,Mata,F,16,U,GT3,T,4,3,health,other,home,mother,1,2,0,no,yes,no,yes,yes,yes,yes,no,4,3,5,1,5,2,2,16
201,Francisca,Fernandes,F,16,U,GT3,T,2,3,other,other,reputation,mother,1,2,0,yes,yes,yes,yes,yes,yes,no,no,4,4,3,1,3,4,6,10
202,Madalena,Da Rocha,F,17,U,GT3,T,1,1,other,other,course,mother,1,2,0,no,yes,yes,no,no,yes,no,no,4,4,4,1,3,1,4,10
203,Matilde,Regalado,F,17,R,GT3,T,2,2,other,other,reputation,mother,1,1,0,no,yes,no,no,yes,yes,yes,no,5,3,2,1,2,3,18,6
204,Clara,Rezendes,F,16,R,GT3,T,2,2,services,services,reputation,mother,2,4,0,no,yes,yes,yes,no,yes,yes,no,5,3,5,1,1,5,6,11
205,Joana,Ponte,F,17,U,GT3,T,3,4,at_home,services,home,mother,1,3,1,no,yes,yes,no,yes,yes,yes,yes,4,4,3,3,4,5,28,9
206,Diana,Sa,F,16,U,GT3,A,3,1,services,other,course,mother,1,2,3,no,yes,yes,no,yes,yes,yes,no,2,3,3,2,2,4,5,7
207,Pedro,Avelar,F,16,U,GT3,T,4,3,teacher,other,other,mother,1,2,0,no,no,yes,yes,yes,yes,yes,yes,1,3,2,1,1,1,10,13
208,Francisco,Carreira,F,16,U,GT3,T,1,1,at_home,other,home,mother,2,1,0,no,yes,yes,no,yes,yes,no,no,4,3,2,1,4,5,6,10
209,Camila,Flor,F,17,R,GT3,T,4,3,teacher,other,reputation,mother,2,3,0,no,yes,yes,yes,yes,yes,yes,yes,4,4,2,1,1,4,6,7
210,Alice,Macedo,F,19,U,GT3,T,3,3,other,other,reputation,other,1,4,0,no,yes,yes,yes,yes,yes,yes,no,4,3,3,1,2,3,10,8
211,Rafael,Naves,M,17,U,LE3,T,4,4,services,other,home,mother,1,2,0,no,yes,yes,no,yes,yes,yes,yes,5,3,5,4,5,3,13,13
212,Gonçalo,Abreu,F,16,U,GT3,A,2,2,other,other,reputation,mother,1,2,0,yes,yes,yes,no,yes,yes,yes,no,3,3,4,1,1,4,0,14
213,Gabriel,Pombo,M,18,U,GT3,T,2,2,services,other,home,mother,1,2,1,no,yes,yes,yes,yes,yes,yes,no,4,4,4,2,4,5,15,8
214,Salvador,Joaquim,F,17,R,LE3,T,4,4,services,other,other,mother,1,1,0,no,yes,yes,no,yes,yes,no,no,5,2,1,1,2,3,12,10
215,Gabriel,Ruis,F,17,U,LE3,T,3,2,other,other,reputation,mother,2,2,0,no,no,yes,no,yes,yes,yes,no,4,4,4,1,3,1,2,15
216,Clara,Merenda,F,17,U,GT3,T,4,3,other,other,reputation,mother,1,2,2,no,no,yes,no,yes,yes,yes,yes,3,4,5,2,4,1,22,4
217,Joana,Texeira,M,18,U,LE3,T,3,3,services,health,home,father,1,2,1,no,yes,yes,no,yes,yes,yes,no,3,2,4,2,4,4,13,8
218,Margarida,Belo,F,17,U,GT3,T,2,3,at_home,other,home,father,2,1,0,no,yes,yes,no,yes,yes,no,no,3,3,3,1,4,3,3,8
219,João,Oliveira,F,17,U,GT3,T,2,2,at_home,at_home,course,mother,1,3,0,no,yes,yes,yes,yes,yes,yes,no,4,3,3,1,1,4,4,10
220,Inês,Ornelas,F,17,R,GT3,T,2,1,at_home,services,reputation,mother,2,2,0,no,yes,no,yes,yes,yes,yes,no,4,2,5,1,2,5,2,6
222,Mariana,Reveles,F,16,U,GT3,T,2,3,services,teacher,other,mother,1,2,0,yes,no,no,no,yes,yes,yes,no,2,3,1,1,1,3,2,17
223,João,Souva,M,18,U,GT3,T,2,2,other,other,home,mother,2,2,0,no,yes,yes,no,yes,yes,yes,no,3,3,3,5,5,4,0,13
224,Sofia,Aparicio,F,16,U,GT3,T,4,4,teacher,services,home,mother,1,3,0,no,yes,no,yes,no,yes,yes,no,5,3,2,1,1,5,0,14
225,Francisca,Linhares,F,18,R,GT3,T,3,1,other,other,reputation,mother,1,2,1,no,no,no,yes,yes,yes,yes,yes,5,3,3,1,1,4,16,7
226,João,Rapa,F,17,U,GT3,T,3,2,other,other,course,mother,1,2,0,no,no,no,yes,no,yes,yes,no,5,3,4,1,3,3,10,15
227,Camila,Souto,M,17,U,LE3,T,2,3,services,services,reputation,father,1,2,0,no,yes,yes,no,no,yes,yes,no,5,3,3,1,3,3,2,12
228,Laura,Sousa,M,18,U,LE3,T,2,1,at_home,other,course,mother,4,2,0,yes,yes,yes,yes,yes,yes,yes,yes,4,3,2,4,5,3,14,9
229,Duarte,De Lima,F,17,U,GT3,A,2,1,other,other,course,mother,2,3,0,no,no,no,yes,yes,yes,yes,yes,3,2,3,1,2,3,10,12
230,Inês,Caldeira,F,17,U,LE3,T,4,3,health,other,reputation,father,1,2,0,no,no,no,yes,yes,yes,yes,yes,3,2,3,1,2,3,14,14
231,Madalena,Cal,M,17,R,GT3,T,2,2,other,other,course,father,2,2,0,no,yes,yes,yes,yes,yes,yes,no,4,5,2,1,1,1,4,11
232,Clara,Netto,M,17,U,GT3,T,4,4,teacher,teacher,reputation,mother,1,2,0,yes,yes,no,yes,yes,yes,yes,yes,4,5,5,1,3,2,14,9
233,Sofia,Acosta,M,16,U,GT3,T,4,4,health,other,reputation,father,1,2,0,no,yes,yes,yes,yes,yes,yes,no,4,2,4,2,4,1,2,13
234,Mariana,Maciel,M,16,U,LE3,T,1,1,other,other,home,mother,2,2,0,no,yes,yes,no,yes,yes,yes,no,3,4,2,1,1,5,18,6
235,Beatriz,Cassis,M,16,U,GT3,T,3,2,at_home,other,reputation,mother,2,3,0,no,no,no,yes,yes,yes,yes,yes,5,3,3,1,3,2,10,10
236,Francisco,Raposa,M,17,U,LE3,T,2,2,other,other,home,father,1,2,0,no,no,yes,yes,no,yes,yes,yes,4,4,2,5,5,4,4,13
237,Lucas,Anes,F,16,U,GT3,T,2,1,other,other,home,mother,1,1,0,no,no,no,no,yes,yes,yes,yes,4,5,2,1,1,5,20,12
238,Francisco,Migues,F,17,R,GT3,T,2,1,at_home,services,course,mother,3,2,0,no,no,no,yes,yes,yes,no,no,2,1,1,1,1,3,2,11
240,Carolina,Pinho,M,17,U,LE3,T,4,3,health,other,course,mother,2,2,0,no,no,no,yes,yes,yes,yes,yes,2,5,5,1,4,5,14,12
241,Lucas,Barboza,M,17,R,LE3,A,4,4,teacher,other,course,mother,2,2,0,no,yes,yes,no,yes,yes,yes,no,3,3,3,2,3,4,2,12
243,Inês,Nunes,M,16,U,GT3,T,4,4,services,services,course,mother,1,1,0,no,no,no,yes,yes,yes,yes,no,5,3,2,1,2,5,0,12
245,Guilherme,Afonso,M,16,U,GT3,T,2,1,other,other,course,mother,3,1,0,no,no,no,no,yes,yes,yes,no,4,3,3,1,1,4,6,18
246,Martim,Rama,M,17,U,GT3,T,2,3,other,other,course,father,2,1,0,no,no,no,no,yes,yes,yes,no,5,2,2,1,1,2,4,13
247,Guilherme,Estacio,M,22,U,GT3,T,3,1,services,services,other,mother,1,1,3,no,no,no,no,no,no,yes,yes,5,4,5,5,5,1,16,8
248,Inês,Broas,M,18,R,LE3,T,3,3,other,services,course,mother,1,2,1,no,yes,no,no,yes,yes,yes,yes,4,3,3,1,3,5,8,5
249,Rafael,Osorio,M,16,U,GT3,T,0,2,other,other,other,mother,1,1,0,no,no,yes,no,no,yes,yes,no,4,3,2,2,4,5,0,15
250,Madalena,Criado,M,18,U,GT3,T,3,2,services,other,course,mother,2,1,1,no,no,no,no,yes,no,yes,no,4,4,5,2,4,5,0,8
251,Mariana,Medeiros,M,16,U,GT3,T,3,3,at_home,other,reputation,other,3,2,0,yes,yes,no,no,no,yes,yes,no,5,3,3,1,3,2,6,10
252,Tomás,Santa,M,18,U,GT3,T,2,1,services,services,other,mother,1,1,1,no,no,no,no,no,no,yes,no,3,2,5,2,5,5,4,8
253,Rafael,Rodrigues,M,16,R,GT3,T,2,1,other,other,course,mother,2,1,0,no,no,no,yes,no,yes,no,no,3,3,2,1,3,3,0,8
254,Mariana,Porro,M,17,R,GT3,T,2,1,other,other,course,mother,1,1,0,no,no,no,no,no,yes,yes,no,4,4,2,2,4,5,0,12
255,Margarida,Motta,M,17,U,LE3,T,1,1,health,other,course,mother,2,1,1,no,yes,no,yes,yes,yes,yes,no,4,4,4,1,2,5,2,8
256,Afonso,Furtado,F,17,U,LE3,T,4,2,teacher,services,reputation,mother,1,4,0,no,yes,yes,yes,yes,yes,yes,no,4,2,3,1,1,4,6,13
257,Maria,Farias,M,19,U,LE3,A,4,3,services,at_home,reputation,mother,1,2,0,no,yes,no,no,yes,yes,yes,no,4,3,1,1,1,1,12,11
258,Francisco,D’Souza,M,18,U,GT3,T,2,1,other,other,home,mother,1,2,0,no,no,no,yes,yes,yes,yes,no,5,2,4,1,2,4,8,14
260,Beatriz,De Souza,F,18,U,GT3,T,4,3,services,other,home,father,1,2,0,no,yes,yes,no,yes,yes,yes,yes,3,1,2,1,3,2,21,18
261,Camila,Alves,M,18,U,GT3,T,4,3,teacher,other,course,mother,1,2,0,no,yes,yes,no,no,yes,yes,no,4,3,2,1,1,3,2,8
262,Afonso,Morgado,M,18,R,GT3,T,3,2,other,other,course,mother,1,3,0,no,no,no,yes,no,yes,no,no,5,3,2,1,1,3,1,12
263,Salvador,Mora,F,17,U,GT3,T,3,3,other,other,home,mother,1,3,0,no,no,no,yes,no,yes,no,no,3,2,3,1,1,4,4,9
265,Laura,Nolasco,M,18,R,LE3,A,3,4,other,other,reputation,mother,2,2,0,no,yes,yes,yes,yes,yes,yes,no,4,2,5,3,4,1,13,17
266,Francisca,Carreiro,M,17,U,GT3,T,3,1,services,other,other,mother,1,2,0,no,no,yes,yes,yes,yes,yes,yes,5,4,4,3,4,5,2,10
267,Afonso,Nora,F,18,R,GT3,T,4,4,teacher,other,reputation,mother,2,2,0,no,no,yes,yes,yes,yes,yes,no,4,3,4,2,2,4,8,11
268,Francisca,Monteiro,M,18,U,GT3,T,4,2,health,other,reputation,father,1,2,0,no,yes,yes,yes,yes,yes,yes,yes,5,4,5,1,3,5,10,10
270,Martim,Franca,F,19,U,GT3,T,3,3,other,services,home,other,1,2,2,no,yes,yes,yes,yes,yes,yes,no,4,3,5,3,3,5,15,9
271,Matilde,Guedes,F,18,U,GT3,T,2,3,other,services,reputation,father,1,4,0,no,yes,yes,yes,yes,yes,yes,yes,4,5,5,1,3,2,4,14
272,Gonçalo,Claudio,F,18,U,LE3,T,1,1,other,other,home,mother,2,2,0,no,yes,yes,no,no,yes,no,no,4,4,3,1,1,3,2,11
273,Afonso,Mauricio,M,17,R,GT3,T,1,2,at_home,at_home,home,mother,1,2,0,no,yes,yes,yes,no,yes,no,yes,3,5,2,2,2,1,2,14
274,Santiago,Carrico,F,17,U,GT3,T,2,4,at_home,health,reputation,mother,2,2,0,no,yes,yes,no,yes,yes,yes,yes,4,3,3,1,1,1,2,10
275,Rafael,De Oliveira,F,17,U,LE3,T,2,2,services,other,course,mother,2,2,0,yes,yes,yes,no,yes,yes,yes,yes,4,4,4,2,3,5,6,12
276,Camila,Carvalho,F,18,R,GT3,A,3,2,other,services,home,mother,2,2,0,no,no,no,no,no,no,yes,yes,4,1,1,1,1,5,75,9
277,Lourenço,Muniz,M,18,U,GT3,T,4,4,teacher,services,home,mother,2,1,0,no,no,yes,yes,yes,yes,yes,no,3,2,4,1,4,3,22,9
278,Lara,Dos Santos,F,18,U,GT3,T,4,4,health,health,reputation,father,1,2,1,yes,yes,no,yes,yes,yes,yes,yes,2,4,4,1,1,4,15,8
279,Rodrigo,Leite,M,18,U,LE3,T,4,3,teacher,services,course,mother,2,1,0,no,no,yes,yes,yes,yes,yes,no,4,2,3,1,2,1,8,10
280,Dinis,Costa,M,17,U,LE3,A,4,1,services,other,home,mother,2,1,0,no,no,yes,yes,yes,yes,yes,yes,4,5,4,2,4,5,30,8
281,Santiago,Ribeiro,M,17,U,LE3,A,3,2,teacher,services,home,mother,1,1,1,no,no,no,no,yes,yes,yes,no,4,4,4,3,4,3,19,10
282,Margarida,Conceicao,F,18,R,LE3,T,1,1,at_home,other,reputation,mother,2,4,0,no,yes,yes,yes,yes,yes,no,no,5,2,2,1,1,3,1,12
283,Martim,Coval,F,18,U,GT3,T,1,1,other,other,home,mother,2,2,0,yes,no,no,yes,yes,yes,yes,no,5,4,4,1,1,4,4,10
284,Margarida,Pero,F,17,U,GT3,T,2,2,other,other,course,mother,1,2,0,no,yes,no,no,no,yes,yes,no,5,4,5,1,2,5,4,11
285,Margarida,Avilla,M,17,U,GT3,T,1,1,other,other,reputation,father,1,2,0,no,no,yes,no,no,yes,yes,no,4,3,3,1,2,4,2,11
286,Matilde,Sarmento,F,18,U,GT3,T,2,2,at_home,at_home,other,mother,1,3,0,no,yes,yes,no,yes,yes,yes,no,4,3,3,1,2,2,5,19
287,Martim,Gama,F,17,U,GT3,T,1,1,services,teacher,reputation,mother,1,3,0,no,yes,yes,no,yes,yes,yes,no,4,3,3,1,1,3,6,12
288,Sofia,Leitao,M,18,U,GT3,T,2,1,services,services,reputation,mother,1,3,0,no,no,yes,yes,yes,yes,yes,no,4,2,4,1,3,2,6,14
289,Inês,Pimentel,M,18,U,LE3,A,4,4,teacher,teacher,reputation,mother,1,2,0,no,yes,yes,yes,yes,yes,yes,no,5,4,3,1,1,2,9,15
290,Rafael,Mello,M,18,U,GT3,T,4,2,teacher,other,home,mother,1,2,0,no,yes,yes,yes,yes,yes,yes,yes,4,3,2,1,4,5,11,11
291,Pedro,Judice,F,17,U,GT3,T,4,3,health,services,reputation,mother,1,3,0,no,yes,yes,no,yes,yes,yes,no,4,2,2,1,2,3,0,15
292,Lucas,Parreira,F,18,U,LE3,T,2,1,services,at_home,reputation,mother,1,2,1,no,no,no,no,yes,yes,yes,yes,5,4,3,1,1,5,12,13
293,Inês,Henriques,F,17,R,LE3,T,3,1,services,other,reputation,mother,2,4,0,no,yes,yes,no,yes,yes,no,no,3,1,2,1,1,3,6,18
294,Pedro,Antunes,M,18,R,LE3,T,3,2,services,other,reputation,mother,2,3,0,no,yes,yes,yes,yes,yes,yes,no,5,4,2,1,1,4,8,14
295,Gustavo,Deus,M,17,U,GT3,T,3,3,health,other,home,mother,1,1,0,no,yes,yes,no,yes,yes,yes,no,4,4,3,1,3,5,4,11
297,Francisco,Mesquita,F,18,U,LE3,T,4,3,other,other,home,other,2,2,0,no,yes,yes,no,yes,yes,yes,yes,4,4,5,1,2,2,10,8
298,Francisca,Camacho,F,18,U,GT3,T,4,3,other,other,reputation,father,1,4,0,no,yes,yes,no,yes,yes,yes,no,4,3,3,1,1,3,0,14
299,Joana,Melo,M,18,U,LE3,T,4,4,teacher,teacher,home,mother,1,1,0,no,yes,yes,no,yes,yes,yes,yes,1,4,2,2,2,1,5,16
300,Madalena,Graca,F,18,U,LE3,A,4,4,health,other,home,mother,1,2,0,no,yes,no,no,yes,yes,yes,yes,4,2,4,1,1,4,14,11
301,Mariana,Esteves,M,17,U,LE3,T,4,4,other,teacher,home,father,2,1,0,no,no,yes,no,yes,yes,yes,no,4,1,1,2,2,5,0,10
302,Rafael,Rego,F,17,U,GT3,T,4,2,other,other,reputation,mother,2,3,0,no,yes,yes,no,yes,yes,yes,no,4,3,3,1,1,3,0,14
303,Madalena,Teves,F,17,U,GT3,T,3,2,health,health,reputation,father,1,4,0,no,yes,yes,yes,no,yes,yes,no,5,2,2,1,2,5,0,18
304,Gustavo,Correia,M,19,U,GT3,T,3,3,other,other,home,other,1,2,1,no,yes,no,yes,yes,yes,yes,yes,4,4,4,1,1,3,20,13
305,Tiago,Ramires,F,18,U,GT3,T,2,4,services,at_home,reputation,other,1,2,1,no,yes,yes,yes,yes,yes,yes,no,4,4,3,1,1,3,8,12
306,Salvador,Barbas,M,20,U,GT3,A,3,2,services,other,course,other,1,1,0,no,no,no,yes,yes,yes,no,no,5,5,3,1,1,5,0,18
307,Dinis,Prior,M,19,U,GT3,T,4,4,teacher,services,reputation,other,2,1,1,no,yes,yes,no,yes,yes,yes,yes,4,3,4,1,1,4,38,8
308,Benedita,Enes,M,19,R,GT3,T,3,3,other,services,reputation,father,1,2,1,no,no,no,yes,yes,yes,no,yes,4,5,3,1,2,5,0,12
309,Diana,Curro,F,19,U,LE3,T,1,1,at_home,other,reputation,other,1,2,1,yes,yes,no,yes,no,yes,yes,no,4,4,3,1,3,3,18,10
311,Tiago,Mangual,F,19,U,GT3,T,2,1,at_home,other,other,other,3,2,0,no,yes,no,no,yes,no,yes,yes,3,4,1,1,1,2,20,13
312,Pedro,Gouveia,M,19,U,GT3,T,1,2,other,services,course,other,1,2,1,no,no,no,no,no,yes,yes,no,4,5,2,2,2,4,3,11
313,Dinis,Paula,F,19,U,LE3,T,3,2,services,other,reputation,other,2,2,1,no,yes,yes,no,no,yes,yes,yes,4,2,2,1,2,1,22,11
314,Joana,Jeronimo,F,19,U,GT3,T,1,1,at_home,health,home,other,1,3,2,no,no,no,no,no,yes,yes,yes,4,1,2,1,1,3,14,13
315,João,Fiel,F,19,R,GT3,T,2,3,other,other,reputation,other,1,3,1,no,no,no,no,yes,yes,yes,yes,4,1,2,1,1,3,40,11
317,Clara,Monterroso,F,18,U,GT3,T,4,3,other,other,course,mother,1,3,0,no,yes,yes,yes,yes,yes,yes,yes,4,3,4,1,1,5,9,9
318,Alice,Montez,F,17,R,GT3,T,3,4,at_home,services,course,father,1,3,0,no,yes,yes,yes,no,yes,yes,no,4,3,4,2,5,5,0,10
319,Diana,Loureiro,F,18,U,GT3,T,4,4,teacher,other,course,mother,1,2,0,no,yes,yes,no,yes,yes,yes,no,4,4,4,3,3,5,2,11
320,Dinis,Domingues,F,17,U,GT3,A,4,3,services,services,course,mother,1,2,0,no,yes,yes,no,yes,yes,yes,yes,5,2,2,1,2,5,23,13
321,Camila,Dorta,F,17,U,GT3,T,2,2,other,other,course,mother,1,2,0,no,yes,no,no,yes,yes,no,yes,4,2,2,1,1,3,12,9
322,Matilde,Perreira,F,17,R,LE3,T,2,2,services,services,course,mother,1,3,0,no,yes,yes,yes,yes,yes,yes,no,3,3,2,2,2,3,3,11
323,Francisco,Parente,F,17,U,GT3,T,3,1,services,services,course,father,1,3,0,no,yes,no,no,no,yes,yes,no,3,4,3,2,3,5,1,15
324,Lara,Caravalho,F,17,U,LE3,T,0,2,at_home,at_home,home,father,2,3,0,no,no,no,no,yes,yes,yes,no,3,3,3,2,3,2,0,15
325,Alice,Cordeiro,M,18,U,GT3,T,4,4,other,other,course,mother,1,3,0,no,no,no,yes,yes,yes,yes,no,4,3,3,2,2,3,3,11
326,Sofia,Nascimento,M,17,U,GT3,T,3,3,other,services,reputation,mother,1,1,0,no,no,no,yes,no,yes,yes,no,4,3,5,3,5,5,3,16
327,Laura,Barbosa,M,17,R,GT3,T,2,2,services,other,course,mother,4,1,0,no,yes,no,no,yes,yes,yes,no,4,4,5,5,5,4,8,10
328,Lucas,Brandao,F,17,U,GT3,T,4,4,teacher,services,course,mother,1,3,0,no,yes,yes,yes,yes,yes,yes,no,5,4,4,1,3,4,7,9
329,Madalena,Borba,F,17,U,GT3,T,4,4,teacher,teacher,course,mother,2,3,0,no,yes,yes,no,no,yes,yes,yes,4,3,3,1,2,4,4,14
330,Carolina,Ennes,M,18,U,LE3,T,2,2,other,other,course,mother,1,4,0,no,yes,no,yes,yes,yes,yes,no,4,5,5,2,4,5,2,8
331,Gustavo,Avila,F,17,R,GT3,T,2,4,at_home,other,course,father,1,3,0,no,yes,no,no,yes,yes,yes,yes,4,4,3,1,1,5,7,14
335,Rafael,Espindola,F,17,U,GT3,T,3,4,services,other,course,mother,1,3,0,no,no,no,no,yes,yes,yes,no,4,4,5,1,3,5,16,15
336,Francisca,Ramos,F,19,R,GT3,A,3,1,services,at_home,home,other,1,3,1,no,no,yes,no,yes,yes,no,no,5,4,3,1,2,5,12,13
338,Leonor,Reis,F,18,U,LE3,T,3,3,services,services,home,mother,1,4,0,no,yes,no,no,yes,yes,yes,no,5,3,3,1,1,1,7,17
339,Duarte,Martins,F,17,R,GT3,A,3,2,other,other,home,mother,1,2,0,no,yes,yes,no,yes,yes,yes,no,4,3,3,2,3,2,4,10
340,Matilde,Nobrega,F,19,U,GT3,T,2,1,services,services,home,other,1,3,1,no,no,yes,yes,yes,yes,yes,yes,4,3,4,1,3,3,4,11
342,Mariana,Bomba,M,18,U,LE3,T,3,4,services,other,home,mother,1,2,0,no,no,no,yes,yes,yes,yes,yes,4,3,3,1,3,5,11,15
344,Maria,Rebelo,F,18,U,GT3,T,2,3,at_home,other,course,mother,1,3,0,no,yes,no,no,yes,yes,yes,no,4,3,3,1,2,3,4,10
345,Lara,Sampaio,F,18,U,GT3,T,3,2,other,services,other,mother,1,3,0,no,no,no,no,yes,yes,yes,yes,5,4,3,2,3,1,7,14
346,Martim,Sabina,M,18,R,GT3,T,4,3,teacher,services,course,mother,1,3,0,no,no,no,no,yes,yes,yes,yes,5,3,2,1,2,4,9,16
347,Mariana,Garro,M,18,U,GT3,T,4,3,teacher,other,course,mother,1,3,0,no,yes,yes,no,yes,yes,yes,yes,5,4,5,2,3,5,0,9
348,Benedita,Gomes,F,17,U,GT3,T,4,3,health,other,reputation,mother,1,3,0,no,yes,yes,yes,yes,yes,yes,yes,4,4,3,1,3,4,0,15
349,Afonso,Pereira,M,18,R,GT3,T,3,2,other,other,course,mother,2,1,1,no,yes,no,no,no,yes,yes,no,2,5,5,5,5,5,10,13
350,Joana,Novo,M,19,R,GT3,T,1,1,other,services,home,other,3,2,3,no,no,no,no,yes,yes,yes,no,5,4,4,3,3,2,8,8
351,Matilde,Ornellas,M,17,U,GT3,T,3,3,health,other,course,mother,2,2,0,no,yes,yes,no,yes,yes,yes,no,4,5,4,2,3,3,2,13
352,Laura,Bento,M,18,U,LE3,T,1,3,at_home,services,course,mother,1,1,1,no,no,no,no,yes,no,yes,yes,4,3,3,2,3,3,7,8
353,Sofia,Nogueira,M,19,R,GT3,T,1,1,other,other,home,other,3,1,1,no,yes,no,no,yes,yes,yes,no,4,4,4,3,3,5,4,8
354,Lara,Neto,M,17,R,GT3,T,4,3,services,other,home,mother,2,2,0,no,yes,yes,yes,no,yes,yes,yes,4,5,5,1,3,2,4,11
355,Matilde,Fagundes,F,18,U,GT3,T,3,3,services,services,course,father,1,2,0,no,yes,no,no,yes,yes,no,yes,5,3,4,1,1,5,0,9
356,Dinis,Po,F,17,R,GT3,T,4,4,teacher,services,other,father,2,2,0,no,yes,yes,yes,yes,yes,yes,no,4,3,3,1,2,5,4,13
357,Miguel,Carias,F,17,U,LE3,A,3,2,services,other,reputation,mother,2,2,0,no,no,no,no,yes,yes,no,yes,1,2,3,1,2,5,2,11
358,Francisca,Lomba,M,18,U,LE3,T,1,1,other,services,home,father,2,1,0,no,no,no,no,no,yes,yes,yes,3,3,2,1,2,3,4,10
359,Afonso,Bastos,F,18,U,LE3,T,1,1,at_home,services,course,father,2,3,0,no,no,no,no,yes,yes,yes,no,5,3,2,1,1,4,0,16
360,Madalena,Lessa,F,18,R,LE3,A,1,4,at_home,other,course,mother,3,2,0,no,no,no,no,yes,yes,no,yes,4,3,4,1,4,5,0,13
361,Mariana,Mina,M,18,R,LE3,T,1,1,at_home,other,other,mother,2,2,1,no,no,no,yes,no,no,no,no,4,4,3,2,3,5,2,12
362,Salvador,Narciso,F,18,U,GT3,T,3,3,services,services,other,mother,2,2,0,no,yes,no,no,yes,yes,yes,yes,4,3,2,1,3,3,0,10
363,Rafael,Pestana,F,17,U,LE3,T,4,4,at_home,at_home,course,mother,1,2,0,no,yes,yes,yes,yes,yes,yes,yes,2,3,4,1,1,1,0,15
364,Guilherme,Festa,F,17,R,GT3,T,1,2,other,services,course,father,2,2,0,no,no,no,no,no,yes,no,no,3,2,2,1,2,3,0,12
365,Pedro,Moniz,M,18,R,GT3,T,1,3,at_home,other,course,mother,2,2,0,no,yes,yes,no,yes,yes,no,no,3,3,4,2,4,3,4,10
366,Duarte,Paulino,M,18,U,LE3,T,4,4,teacher,services,other,mother,2,3,0,no,no,yes,no,yes,yes,yes,yes,4,2,2,2,2,5,0,13
368,Rodrigo,Guerreiro,F,18,U,GT3,T,2,3,at_home,services,course,father,2,1,0,no,yes,yes,no,yes,yes,yes,yes,5,2,3,1,2,4,0,10
369,Madalena,Troia,F,18,R,GT3,T,4,4,other,teacher,other,father,3,2,0,no,yes,yes,no,no,yes,yes,yes,3,2,2,4,2,5,10,11
370,Joana,Ramires,F,19,U,LE3,T,3,2,services,services,home,other,2,2,2,no,no,no,yes,yes,yes,no,yes,3,2,2,1,1,3,4,9
371,Tiago,De Lemos,M,18,R,LE3,T,1,2,at_home,services,other,father,3,1,0,no,yes,yes,yes,yes,no,yes,yes,4,3,3,2,3,3,3,12
372,Lucas,Paulo,F,17,U,GT3,T,2,2,other,at_home,home,mother,1,3,0,no,no,no,yes,yes,yes,no,yes,3,4,3,1,1,3,8,11
373,Lara,Luiz,F,17,R,GT3,T,1,2,other,other,course,mother,1,1,0,no,no,no,yes,yes,yes,yes,no,3,5,5,1,3,1,14,5
374,Salvador,Chaves,F,18,R,LE3,T,4,4,other,other,reputation,mother,2,3,0,no,no,no,no,yes,yes,yes,no,5,4,4,1,1,1,0,19
375,Madalena,Rosa,F,18,R,GT3,T,1,1,other,other,home,mother,4,3,0,no,no,no,no,yes,yes,yes,no,4,3,2,1,2,4,2,10
376,Madalena,Quintela,F,20,U,GT3,T,4,2,health,other,course,other,2,3,2,no,yes,yes,no,no,yes,yes,yes,5,4,3,1,1,3,4,15
377,Gonçalo,Goes,F,18,R,LE3,T,4,4,teacher,services,course,mother,1,2,0,no,no,yes,yes,yes,yes,yes,no,5,4,3,3,4,2,4,10
378,Tomás,Brito,F,18,U,GT3,T,3,3,other,other,home,mother,1,2,0,no,no,yes,no,yes,yes,yes,yes,4,1,3,1,2,1,0,15
379,Gonçalo,Gaia,F,17,R,GT3,T,3,1,at_home,other,reputation,mother,1,2,0,no,yes,yes,yes,no,yes,yes,no,4,5,4,2,3,1,17,10
380,Santiago,Alvernaz,M,18,U,GT3,T,4,4,teacher,teacher,home,father,1,2,0,no,no,yes,yes,no,yes,yes,no,3,2,4,1,4,2,4,14
381,Rafael,Mendonca,M,18,R,GT3,T,2,1,other,other,other,mother,2,1,0,no,no,no,yes,no,yes,yes,yes,4,4,3,1,3,5,5,7
382,Benedita,Lourenco,M,17,U,GT3,T,2,3,other,services,home,father,2,2,0,no,no,no,yes,yes,yes,yes,no,4,4,3,1,1,3,2,10
384,Maria,Pontes,M,18,R,GT3,T,4,2,other,other,home,father,2,1,1,no,no,yes,no,yes,yes,no,no,5,4,3,4,3,3,14,5
385,Francisco,Almeida,F,18,R,GT3,T,2,2,at_home,other,other,mother,2,3,0,no,no,yes,no,yes,yes,no,no,5,3,3,1,3,4,2,10
386,Lourenço,Farinha,F,18,R,GT3,T,4,4,teacher,at_home,reputation,mother,3,1,0,no,yes,yes,yes,yes,yes,yes,yes,4,4,3,2,2,5,7,6
388,Tomás,Teixeira,F,18,U,LE3,T,3,1,teacher,services,course,mother,1,2,0,no,yes,yes,no,yes,yes,yes,no,4,3,4,1,1,1,0,8
390,Alice,Barcellos,M,20,U,LE3,A,2,2,services,services,course,other,1,2,2,no,yes,yes,no,yes,yes,no,no,5,5,4,4,5,4,11,9
391,Rodrigo,Quintal,M,17,U,LE3,T,3,1,services,services,course,mother,2,1,0,no,no,no,no,no,yes,yes,no,2,4,5,3,4,2,3,16
392,Carolina,Hiza,M,21,R,GT3,T,1,1,other,other,course,other,1,1,3,no,no,no,no,no,yes,no,no,5,5,3,3,3,3,3,7
393,Benedita,Amaral,M,18,R,LE3,T,3,2,services,other,course,mother,3,1,0,no,no,no,no,no,yes,yes,no,4,4,1,3,4,5,0,10
394,Lourenço,Luis,M,19,U,LE3,T,1,1,other,at_home,course,father,1,1,0,no,no,no,no,yes,yes,yes,no,3,2,3,3,3,5,5,9
