StudentID,FirstName,FamilyName,sex,age,address,famsize,Pstatus,Medu,Fedu,Mjob,Fjob,reason,guardian,traveltime,studytime,failures,schoolsup,famsup,paid,activities,nursery,higher,internet,romantic,famrel,freetime,goout,Dalc,Walc,health,absences,FinalGrade
156,Maria,Socia,M,17,R,LE3,T,1,2,other,other,reputation,mother,1,1,0,no,no,no,no,yes,yes,no,no,2,2,2,3,3,5,8,13
66,Lara,Madeiros,M,15,U,GT3,A,4,4,other,services,reputation,mother,1,4,0,no,yes,no,yes,no,yes,yes,yes,1,3,3,5,5,3,4,12
344,Maria,Rebelo,F,18,U,GT3,T,2,3,at_home,other,course,mother,1,3,0,no,yes,no,no,yes,yes,yes,no,4,3,3,1,2,3,4,10
186,Alice,Evora,M,16,U,GT3,T,1,2,services,services,other,mother,1,1,0,no,yes,yes,yes,yes,yes,yes,yes,3,3,3,1,2,3,2,11
338,Leonor,Reis,F,18,U,LE3,T,3,3,services,services,home,mother,1,4,0,no,yes,no,no,yes,yes,yes,no,5,3,3,1,1,1,7,17
124,Gonçalo,Duarte,F,16,U,GT3,T,2,2,other,other,home,mother,1,2,0,no,no,yes,no,yes,yes,yes,yes,5,4,4,1,1,5,0,8
345,Lara,Sampaio,F,18,U,GT3,T,3,2,other,services,other,mother,1,3,0,no,no,no,no,yes,yes,yes,yes,5,4,3,2,3,1,7,14
9,Sofia,Rocha,M,15,U,GT3,T,3,4,other,other,home,mother,1,2,0,no,yes,yes,yes,yes,yes,yes,no,5,5,1,1,1,5,0,15
88,Lucas,De Pina,M,16,U,GT3,T,2,2,services,other,reputation,father,2,2,1,no,no,yes,yes,no,yes,yes,no,4,4,2,1,1,3,12,10
253,Rafael,Rodrigues,M,16,R,GT3,T,2,1,other,other,course,mother,2,1,0,no,no,no,yes,no,yes,no,no,3,3,2,1,3,3,0,8
282,Margarida,Conceicao,F,18,R,LE3,T,1,1,at_home,other,reputation,mother,2,4,0,no,yes,yes,yes,yes,yes,no,no,5,2,2,1,1,3,1,12
257,Maria,Farias,M,19,U,LE3,A,4,3,services,at_home,reputation,mother,1,2,0,no,yes,no,no,yes,yes,yes,no,4,3,1,1,1,1,12,11
185,Gustavo,Fontes,M,17,U,GT3,T,3,3,services,services,other,mother,1,2,0,no,yes,no,yes,yes,yes,yes,yes,4,3,4,2,3,4,12,11
43,Rafael,Martines,M,15,U,GT3,T,2,2,services,services,course,father,1,1,0,yes,yes,no,no,yes,yes,yes,no,5,4,1,1,1,1,0,11
123,Rafael,Sago,M,16,U,GT3,T,4,4,health,other,course,mother,1,1,0,no,yes,no,yes,yes,yes,yes,no,3,4,4,1,4,5,18,13
325,Alice,Cordeiro,M,18,U,GT3,T,4,4,other,other,course,mother,1,3,0,no,no,no,yes,yes,yes,yes,no,4,3,3,2,2,3,3,11
205,Joana,Ponte,F,17,U,GT3,T,3,4,at_home,services,home,mother,1,3,1,no,yes,yes,no,yes,yes,yes,yes,4,4,3,3,4,5,28,9
109,Joana,Raposa,F,16,U,LE3,T,4,4,health,health,other,mother,1,3,0,no,yes,yes,yes,yes,yes,yes,yes,5,4,5,1,1,4,4,16
297,Francisco,Mesquita,F,18,U,LE3,T,4,3,other,other,home,other,2,2,0,no,yes,yes,no,yes,yes,yes,yes,4,4,5,1,2,2,10,8
17,Lucas,Formoso,F,16,U,GT3,T,3,3,other,other,reputation,mother,3,2,0,yes,yes,no,yes,yes,yes,no,no,5,3,2,1,1,4,4,10
60,Sofia,Louro,F,16,R,GT3,T,4,4,health,teacher,other,mother,1,2,0,no,yes,no,yes,yes,yes,no,no,2,4,4,2,3,4,6,11
183,Alice,Pesqueira,F,17,U,LE3,T,3,3,other,other,reputation,mother,1,2,0,no,yes,no,yes,yes,yes,yes,yes,5,3,3,2,3,1,56,8
363,Rafael,Pestana,F,17,U,LE3,T,4,4,at_home,at_home,course,mother,1,2,0,no,yes,yes,yes,yes,yes,yes,yes,2,3,4,1,1,1,0,15
241,Lucas,Barboza,M,17,R,LE3,A,4,4,teacher,other,course,mother,2,2,0,no,yes,yes,no,yes,yes,yes,no,3,3,3,2,3,4,2,12
246,Martim,Rama,M,17,U,GT3,T,2,3,other,other,course,father,2,1,0,no,no,no,no,yes,yes,yes,no,5,2,2,1,1,2,4,13
379,Gonçalo,Gaia,F,17,R,GT3,T,3,1,at_home,other,reputation,mother,1,2,0,no,yes,yes,yes,no,yes,yes,no,4,5,4,2,3,1,17,10
321,Camila,Dorta,F,17,U,GT3,T,2,2,other,other,course,mother,1,2,0,no,yes,no,no,yes,yes,no,yes,4,2,2,1,1,3,12,9
16,Gustavo,Janota,F,16,U,GT3,T,4,4,services,services,reputation,mother,1,3,0,no,yes,yes,yes,yes,yes,yes,no,3,2,3,1,2,2,6,14
380,Santiago,Alvernaz,M,18,U,GT3,T,4,4,teacher,teacher,home,father,1,2,0,no,no,yes,yes,no,yes,yes,no,3,2,4,1,4,2,4,14
90,Afonso,Junior,F,16,U,GT3,T,3,3,other,other,home,mother,1,3,0,no,yes,yes,no,yes,yes,yes,yes,4,3,3,1,3,4,0,8
166,Duarte,Monge,M,16,U,GT3,T,2,2,other,other,course,father,1,2,0,no,no,no,no,yes,no,yes,no,4,3,5,2,4,4,4,10
118,Clara,Frausto,M,17,R,GT3,T,1,3,other,other,course,father,3,2,1,no,yes,no,yes,yes,yes,yes,no,5,2,4,1,4,5,20,8
385,Francisco,Almeida,F,18,R,GT3,T,2,2,at_home,other,other,mother,2,3,0,no,no,yes,no,yes,yes,no,no,5,3,3,1,3,4,2,10
201,Francisca,Fernandes,F,16,U,GT3,T,2,3,other,other,reputation,mother,1,2,0,yes,yes,yes,yes,yes,yes,no,no,4,4,3,1,3,4,6,10
65,Guilherme,Serpa,F,16,U,LE3,T,4,3,teacher,services,course,mother,3,2,0,no,yes,no,yes,yes,yes,yes,no,5,4,3,1,2,1,2,15
211,Rafael,Naves,M,17,U,LE3,T,4,4,services,other,home,mother,1,2,0,no,yes,yes,no,yes,yes,yes,yes,5,3,5,4,5,3,13,13
362,Salvador,Narciso,F,18,U,GT3,T,3,3,services,services,other,mother,2,2,0,no,yes,no,no,yes,yes,yes,yes,4,3,2,1,3,3,0,10
331,Gustavo,Avila,F,17,R,GT3,T,2,4,at_home,other,course,father,1,3,0,no,yes,no,no,yes,yes,yes,yes,4,4,3,1,1,5,7,14
368,Rodrigo,Guerreiro,F,18,U,GT3,T,2,3,at_home,services,course,father,2,1,0,no,yes,yes,no,yes,yes,yes,yes,5,2,3,1,2,4,0,10
266,Francisca,Carreiro,M,17,U,GT3,T,3,1,services,other,other,mother,1,2,0,no,no,yes,yes,yes,yes,yes,yes,5,4,4,3,4,5,2,10
245,Guilherme,Afonso,M,16,U,GT3,T,2,1,other,other,course,mother,3,1,0,no,no,no,no,yes,yes,yes,no,4,3,3,1,1,4,6,18
271,Matilde,Guedes,F,18,U,GT3,T,2,3,other,services,reputation,father,1,4,0,no,yes,yes,yes,yes,yes,yes,yes,4,5,5,1,3,2,4,14
165,Madalena,Matheus,M,16,U,GT3,T,3,2,services,services,course,mother,2,1,1,no,yes,no,yes,no,no,no,no,4,5,2,1,1,2,16,12
312,Pedro,Gouveia,M,19,U,GT3,T,1,2,other,services,course,other,1,2,1,no,no,no,no,no,yes,yes,no,4,5,2,2,2,4,3,11
192,Lourenço,Simao,M,17,U,GT3,T,1,2,at_home,services,other,other,2,2,0,no,no,yes,yes,no,yes,yes,no,4,4,4,4,5,5,12,8
350,Joana,Novo,M,19,R,GT3,T,1,1,other,services,home,other,3,2,3,no,no,no,no,yes,yes,yes,no,5,4,4,3,3,2,8,8
313,Dinis,Paula,F,19,U,LE3,T,3,2,services,other,reputation,other,2,2,1,no,yes,yes,no,no,yes,yes,yes,4,2,2,1,2,1,22,11
218,Margarida,Belo,F,17,U,GT3,T,2,3,at_home,other,home,father,2,1,0,no,yes,yes,no,yes,yes,no,no,3,3,3,1,4,3,3,8
171,Gustavo,Agre,M,16,U,GT3,T,1,0,other,other,reputation,mother,2,2,0,no,yes,yes,yes,yes,yes,yes,yes,4,3,2,1,1,3,2,16
179,Diana,Maia,M,17,U,GT3,T,4,3,other,other,course,mother,1,2,0,no,yes,no,yes,yes,yes,yes,yes,5,2,3,1,1,2,4,11
351,Matilde,Ornellas,M,17,U,GT3,T,3,3,health,other,course,mother,2,2,0,no,yes,yes,no,yes,yes,yes,no,4,5,4,2,3,3,2,13
339,Duarte,Martins,F,17,R,GT3,A,3,2,other,other,home,mother,1,2,0,no,yes,yes,no,yes,yes,yes,no,4,3,3,2,3,2,4,10
359,Afonso,Bastos,F,18,U,LE3,T,1,1,at_home,services,course,father,2,3,0,no,no,no,no,yes,yes,yes,no,5,3,2,1,1,4,0,16
114,Francisco,Montalto,M,15,R,GT3,T,2,1,health,services,reputation,mother,1,2,0,no,no,no,yes,yes,yes,yes,yes,5,4,2,1,1,5,8,9
13,Salvador,Coelho,M,15,U,GT3,T,4,3,teacher,other,course,mother,2,2,0,no,yes,yes,no,yes,yes,yes,no,5,4,3,1,2,3,2,11
75,Dinis,De Sousa,M,15,U,GT3,T,4,3,teacher,other,home,mother,1,2,0,no,yes,yes,yes,yes,yes,yes,no,4,3,3,2,3,5,6,10
96,João,Amorim,M,16,R,GT3,T,4,3,services,other,reputation,mother,2,1,0,yes,yes,no,yes,no,yes,yes,no,3,3,3,1,1,4,2,15
263,Salvador,Mora,F,17,U,GT3,T,3,3,other,other,home,mother,1,3,0,no,no,no,yes,no,yes,no,no,3,2,3,1,1,4,4,9
117,Clara,Nazario,M,16,U,GT3,T,3,3,other,services,home,father,2,1,0,no,no,no,yes,yes,yes,yes,no,5,4,2,1,1,5,0,13
386,Lourenço,Farinha,F,18,R,GT3,T,4,4,teacher,at_home,reputation,mother,3,1,0,no,yes,yes,yes,yes,yes,yes,yes,4,4,3,2,2,5,7,6
223,João,Souva,M,18,U,GT3,T,2,2,other,other,home,mother,2,2,0,no,yes,yes,no,yes,yes,yes,no,3,3,3,5,5,4,0,13
91,Maria,Marques,F,15,U,GT3,T,4,3,services,other,reputation,mother,1,1,0,no,no,yes,yes,yes,yes,yes,no,4,5,5,1,3,1,4,18
214,Salvador,Joaquim,F,17,R,LE3,T,4,4,services,other,other,mother,1,1,0,no,yes,yes,no,yes,yes,no,no,5,2,1,1,2,3,12,10
377,Gonçalo,Goes,F,18,R,LE3,T,4,4,teacher,services,course,mother,1,2,0,no,no,yes,yes,yes,yes,yes,no,5,4,3,3,4,2,4,10
163,Gonçalo,Moreira,M,17,U,GT3,T,1,3,at_home,services,course,father,1,1,0,no,no,no,no,yes,no,yes,no,5,3,3,1,4,2,2,10
272,Gonçalo,Claudio,F,18,U,LE3,T,1,1,other,other,home,mother,2,2,0,no,yes,yes,no,no,yes,no,no,4,4,3,1,1,3,2,11
58,Rafael,Gandara,M,15,U,LE3,T,1,2,other,at_home,home,father,1,2,0,yes,yes,no,yes,yes,yes,yes,no,4,3,2,1,1,5,2,9
346,Martim,Sabina,M,18,R,GT3,T,4,3,teacher,services,course,mother,1,3,0,no,no,no,no,yes,yes,yes,yes,5,3,2,1,2,4,9,16
289,Inês,Pimentel,M,18,U,LE3,A,4,4,teacher,teacher,reputation,mother,1,2,0,no,yes,yes,yes,yes,yes,yes,no,5,4,3,1,1,2,9,15
322,Matilde,Perreira,F,17,R,LE3,T,2,2,services,services,course,mother,1,3,0,no,yes,yes,yes,yes,yes,yes,no,3,3,2,2,2,3,3,11
215,Gabriel,Ruis,F,17,U,LE3,T,3,2,other,other,reputation,mother,2,2,0,no,no,yes,no,yes,yes,yes,no,4,4,4,1,3,1,2,15
388,Tomás,Teixeira,F,18,U,LE3,T,3,1,teacher,services,course,mother,1,2,0,no,yes,yes,no,yes,yes,yes,no,4,3,4,1,1,1,0,8
145,Tomás,Nicolau,F,15,U,GT3,T,1,1,other,services,course,father,1,2,0,no,yes,yes,no,yes,yes,yes,no,4,4,2,1,2,5,0,11
27,Mariana,Baros,M,15,U,GT3,T,4,2,health,services,other,mother,1,1,0,no,no,yes,no,yes,yes,yes,no,2,2,4,2,4,1,4,15
98,Inês,Simas,F,16,U,GT3,T,4,4,other,other,reputation,mother,1,1,0,no,no,no,yes,no,yes,yes,no,5,3,4,1,2,1,6,14
229,Duarte,De Lima,F,17,U,GT3,A,2,1,other,other,course,mother,2,3,0,no,no,no,yes,yes,yes,yes,yes,3,2,3,1,2,3,10,12
262,Afonso,Morgado,M,18,R,GT3,T,3,2,other,other,course,mother,1,3,0,no,no,no,yes,no,yes,no,no,5,3,2,1,1,3,1,12
328,Lucas,Brandao,F,17,U,GT3,T,4,4,teacher,services,course,mother,1,3,0,no,yes,yes,yes,yes,yes,yes,no,5,4,4,1,3,4,7,9
352,Laura,Bento,M,18,U,LE3,T,1,3,at_home,services,course,mother,1,1,1,no,no,no,no,yes,no,yes,yes,4,3,3,2,3,3,7,8
100,Lucas,Marcelino,M,16,U,GT3,T,4,4,services,services,other,mother,1,1,0,yes,yes,yes,yes,yes,yes,yes,no,4,5,5,5,5,4,14,5
293,Inês,Henriques,F,17,R,LE3,T,3,1,services,other,reputation,mother,2,4,0,no,yes,yes,no,yes,yes,no,no,3,1,2,1,1,3,6,18
369,Madalena,Troia,F,18,R,GT3,T,4,4,other,teacher,other,father,3,2,0,no,yes,yes,no,no,yes,yes,yes,3,2,2,4,2,5,10,11
178,Sofia,Porto,M,16,R,GT3,T,4,2,teacher,services,other,mother,1,1,0,no,yes,no,yes,yes,yes,yes,yes,4,3,3,3,4,3,10,9
28,Martim,Hilario,M,16,U,LE3,A,3,4,services,other,home,mother,1,2,0,yes,yes,no,yes,yes,yes,yes,no,5,3,3,1,1,5,4,11
230,Inês,Caldeira,F,17,U,LE3,T,4,3,health,other,reputation,father,1,2,0,no,no,no,yes,yes,yes,yes,yes,3,2,3,1,2,3,14,14
390,Alice,Barcellos,M,20,U,LE3,A,2,2,services,services,course,other,1,2,2,no,yes,yes,no,yes,yes,no,no,5,5,4,4,5,4,11,9
121,Duarte,Resendes,M,15,U,GT3,T,2,2,services,services,home,father,1,4,0,no,yes,yes,yes,yes,yes,yes,no,5,5,4,1,2,5,6,15
267,Afonso,Nora,F,18,R,GT3,T,4,4,teacher,other,reputation,mother,2,2,0,no,no,yes,yes,yes,yes,yes,no,4,3,4,2,2,4,8,11
283,Martim,Coval,F,18,U,GT3,T,1,1,other,other,home,mother,2,2,0,yes,no,no,yes,yes,yes,yes,no,5,4,4,1,1,4,4,10
287,Martim,Gama,F,17,U,GT3,T,1,1,services,teacher,reputation,mother,1,3,0,no,yes,yes,no,yes,yes,yes,no,4,3,3,1,1,3,6,12
